Table S4: List of all cosegregating markers located in the QTL residing linkage group ,,,,,,,,,,,,,,,,,,,,,,,,,,,,,,,,,,,,,,,,,,,,,,,,,,,,,,,,,,,,,,,,,,,,,,,,,,,,,,,,,,,,,,,,,,,,,,,,,,,,,,,,,,,,,,,,,,,,,,,,,,,,,,,,,,,,,,,,,,,,,,,,
Marker name,IWB name,allele,Chr,Chr_LGR,Pos (bp),LG,LG Pos (cM),UI-Silver,Shaan89150,A12170W-1,A12170W-2,A12170W-3,A12170W-4,A12170W-5,A12170W-6,A12170W-7,A12170W-8,A12170W-9,A12170W-10,A12170W-11,A12170W-12,A12170W-13,A12170W-14,A12170W-15,A12170W-16,A12170W-17,A12170W-18,A12170W-19,A12170W-20,A12170W-21,A12170W-22,A12170W-23,A12170W-24,A12170W-25,A12170W-26,A12170W-27,A12170W-28,A12170W-29,A12170W-30,A12170W-31,A12170W-32,A12170W-33,A12170W-34,A12170W-35,A12170W-36,A12170W-37,A12170W-38,A12170W-39,A12170W-40,A12170W-41,A12170W-42,A12170W-43,A12170W-44,A12170W-45,A12170W-46,A12170W-47,A12170W-48,A12170W-49,A12170W-50,A12170W-51,A12170W-52,A12170W-53,A12170W-54,A12170W-55,A12170W-56,A12170W-57,A12170W-58,A12170W-59,A12170W-60,A12170W-61,A12170W-62,A12170W-63,A12170W-64,A12170W-65,A12170W-66,A12170W-67,A12170W-68,A12170W-69,A12170W-70,A12170W-71,A12170W-72,A12170W-73,A12170W-74,A12170W-75,A12170W-76,A12170W-77,A12170W-78,A12170W-79,A12170W-80,A12170W-81,A12170W-82,A12170W-83,A12170W-84,A12170W-85,A12170W-86,A12170W-87,A12170W-88,A12170W-89,A12170W-90,A12170W-91,A12170W-92,A12170W-93,A12170W-94,A12170W-95,A12170W-96,A12170W-97,A12170W-98,A12170W-99,A12170W-100,A12170W-101,A12170W-102,A12170W-103,A12170W-104,A12170W-105,A12170W-106,A12170W-107,A12170W-108,A12170W-109,A12170W-110,A12170W-111,A12170W-112,A12170W-113,A12170W-114,A12170W-115,A12170W-116,A12170W-117,A12170W-118,A12170W-119,A12170W-120,A12170W-121,A12170W-122,A12170W-123,A12170W-124,A12170W-125,A12170W-126,A12170W-127,A12170W-128,A12170W-129,A12170W-130,A12170W-131,A12170W-132,A12170W-133,A12170W-134,A12170W-135
GENE_3993_284,IWB33715,C/A,6D,LG24_6D,483925102,24,0,C,A,C,A,A,C,A,C,C,C,A,C,C,C,A,C,A,C,A,A,A,C,C,A,C,A,A,A,A,C,C,A,C,C,C,C,A,C,C,C,A,A,A,A,A,C,A,C,C,C,A,A,A,A,C,C,A,A,A,C,A,C,A,A,A,A,C,A,A,A,A,C,A,A,C,C,C,A,C,A,C,A,C,A,C,C,C,C,A,C,C,C,C,A,A,A,A,A,A,A,C,C,A,C,C,A,A,C,C,C,C,C,C,A,C,A,C,A,C,C,A,C,A,C,C,C,C,A,A,C,C,A,A,C,A,C,C
RAC875_c24285_1049,IWB55623,A/G,6D,LG24_6D,483926899,24,0,A,G,A,G,G,A,G,A,A,A,G,A,A,A,G,A,G,A,G,G,G,A,A,G,A,G,G,G,G,A,A,G,A,A,A,A,G,A,A,A,G,G,G,G,G,A,G,A,A,A,G,G,G,G,A,A,G,G,G,A,G,A,G,G,G,G,A,G,G,G,G,A,G,G,A,A,A,G,A,G,A,G,A,G,A,A,A,A,G,A,A,A,A,G,G,G,G,G,G,G,A,A,G,A,A,G,G,A,A,A,A,A,A,G,A,G,A,G,A,A,G,A,G,A,A,A,A,G,G,A,A,G,G,A,G,A,A
wsnp_Ex_c13188_20825019,IWA1741,G/A,6D,LG24_6D,486172117,24,4.219,G,A,G,A,A,G,A,G,G,G,A,G,G,G,A,G,A,G,A,A,A,G,G,A,G,A,A,A,A,G,G,A,G,G,G,G,A,G,G,G,A,A,A,A,G,G,A,G,G,G,A,A,A,A,G,G,A,A,A,G,A,G,A,A,A,A,G,A,A,A,A,G,A,A,G,A,G,A,G,G,A,A,G,G,G,G,G,G,G,G,G,G,G,A,A,A,A,A,A,A,G,G,A,G,G,A,A,G,G,G,G,G,G,A,G,A,G,A,G,G,A,G,A,G,G,G,G,A,A,G,G,A,A,G,A,G,G
wsnp_Ex_c21688_30845705,IWA2637,G/A,6D,LG24_6D,486392327,24,4.219,G,A,G,A,A,G,A,G,G,G,A,G,G,G,A,G,A,G,A,A,A,G,G,A,G,A,A,A,A,G,G,A,G,G,G,G,A,G,G,G,A,A,A,A,G,G,A,G,G,G,A,A,A,A,G,G,A,A,A,G,A,G,A,A,A,A,G,A,A,A,A,G,A,A,G,A,G,A,G,G,A,A,G,G,G,G,G,G,G,G,G,G,G,A,A,A,A,A,A,A,G,G,A,G,G,A,A,G,G,G,G,G,G,A,G,A,G,A,G,G,A,G,A,G,G,G,G,A,A,G,G,A,A,G,A,G,G
wsnp_Ku_rep_c71225_70941765,IWA7490,A/G,6D,LG24_6D,486392518,24,4.219,A,G,A,G,G,A,G,A,A,A,G,A,A,A,G,A,G,A,G,G,G,A,A,G,A,G,G,G,G,A,A,G,A,A,A,A,G,A,A,A,G,G,G,G,A,A,G,A,A,A,G,G,G,G,A,A,G,G,G,A,G,A,G,G,G,G,A,G,G,G,G,A,G,G,A,G,A,G,A,A,G,G,A,A,A,A,A,A,A,A,A,A,A,G,G,G,G,G,G,G,A,A,G,A,A,G,G,A,A,A,A,A,A,G,A,G,A,G,A,A,G,A,G,A,A,A,A,G,G,A,A,G,G,A,G,A,A
Excalibur_c21688_724,IWB23673,A/G,6D,LG24_6D,486392921,24,4.219,A,G,A,G,G,A,G,A,A,A,G,A,A,A,G,A,G,A,G,G,G,A,A,G,A,G,G,G,G,A,A,G,A,A,A,A,G,A,A,A,G,G,G,G,A,A,G,A,A,A,G,G,G,G,A,A,G,G,G,A,G,A,G,G,G,G,A,G,G,G,G,A,G,G,A,G,A,G,A,A,G,G,A,A,A,A,A,A,A,A,A,A,A,G,G,G,G,G,G,G,A,A,G,A,A,G,G,A,A,A,A,A,A,G,A,G,A,G,A,A,G,A,G,A,A,A,A,G,G,A,A,G,G,A,G,A,A
wsnp_Ex_c4480_8054926,IWA3909,A/G,6D,LG24_6D,486393603,24,4.219,A,G,A,G,G,A,G,A,A,A,G,A,A,A,G,A,G,A,G,G,G,A,A,G,A,G,G,G,G,A,A,G,A,A,A,A,G,A,A,A,G,G,G,G,A,A,G,A,A,A,G,G,G,G,A,A,G,G,G,A,G,A,G,G,G,G,A,G,G,G,G,A,G,G,A,G,A,G,A,A,G,G,A,A,A,A,A,A,A,A,A,A,A,G,G,G,G,G,G,G,A,A,G,A,A,G,G,A,A,A,A,A,A,G,A,G,A,G,A,A,G,A,G,A,A,A,A,G,G,A,A,G,G,A,G,A,A
wsnp_Ex_c4480_8055163,IWA3910,A/C,6D,LG24_6D,486393725,24,4.219,A,C,A,C,C,A,C,A,A,A,C,A,A,A,C,A,C,A,C,C,C,A,A,C,A,C,C,C,C,A,A,C,A,A,A,A,C,A,A,A,C,C,C,C,A,A,C,A,A,A,C,C,C,C,A,A,C,C,C,A,C,A,C,C,C,C,A,C,C,C,C,A,C,C,A,C,A,C,A,A,C,C,A,A,A,A,A,A,A,A,A,A,A,C,C,C,C,C,C,C,A,A,C,A,A,C,C,A,A,A,A,A,A,C,A,C,A,C,A,A,C,A,C,A,A,A,A,C,C,A,A,C,C,A,C,A,A
wsnp_Ex_c4480_8055475,IWA3911,A/G,6D,LG24_6D,486394037,24,4.219,A,G,A,G,G,A,G,A,A,A,G,A,A,A,G,A,G,A,G,G,G,A,A,G,A,G,G,G,G,A,A,G,A,A,A,A,G,A,A,A,G,G,G,G,A,A,G,A,A,A,G,G,G,G,A,A,G,G,G,A,G,A,G,G,G,G,A,G,G,G,G,A,G,G,A,G,A,G,A,A,G,G,A,A,A,A,A,A,A,A,A,A,A,G,G,G,G,G,G,G,A,A,G,A,A,G,G,A,A,A,A,A,A,G,A,G,A,G,A,A,G,A,G,A,A,A,A,G,G,A,A,G,G,A,G,A,A
wsnp_Ex_c4480_8056013,IWA3912,A/G,6D,LG24_6D,486394905,24,4.219,A,G,A,G,G,A,G,A,A,A,G,A,A,A,G,A,G,A,G,G,G,A,A,G,A,G,G,G,G,A,A,G,A,A,A,A,G,A,A,A,G,G,G,G,A,A,G,A,A,A,G,G,G,G,A,A,G,G,G,A,G,A,G,G,G,G,A,G,G,G,G,A,G,G,A,G,A,G,A,A,G,G,A,A,A,A,A,A,A,A,A,A,A,G,G,G,G,G,G,G,A,A,G,A,A,G,G,A,A,A,A,A,A,G,A,G,A,G,A,A,G,A,G,A,A,A,A,G,G,A,A,G,G,A,G,A,A
wsnp_Ex_c4480_8056354,IWA3913,T/C,6D,LG24_6D,486395630,24,4.219,T,C,T,C,C,T,C,T,T,T,C,T,T,T,C,T,C,T,C,C,C,T,T,C,T,C,C,C,C,T,T,C,T,T,T,T,C,T,T,T,C,C,C,C,T,T,C,T,T,T,C,C,C,C,T,T,C,C,C,T,C,T,C,C,C,C,T,C,C,C,C,T,C,C,T,C,T,C,T,T,C,C,T,T,T,T,T,T,T,T,T,T,T,C,C,C,C,C,C,C,T,T,C,T,T,C,C,T,T,T,T,T,T,C,T,C,T,C,T,T,C,T,C,T,T,T,T,C,C,T,T,C,C,T,C,T,T
wsnp_Ex_c4480_8057184,IWA3914,A/G,6D,LG24_6D,486396459,24,4.219,A,G,A,G,G,A,G,A,A,A,G,A,A,A,G,A,G,A,G,G,G,A,A,G,A,G,G,G,G,A,A,G,A,A,A,A,G,A,A,A,G,G,G,G,A,A,G,A,A,A,G,G,G,G,A,A,G,G,G,A,G,A,G,G,G,G,A,G,G,G,G,A,G,G,A,G,A,G,A,A,G,G,A,A,A,A,A,A,A,A,A,A,A,G,G,G,G,G,G,G,A,A,G,A,A,G,G,A,A,A,A,A,A,G,A,G,A,G,A,A,G,A,G,A,A,A,A,G,G,A,A,G,G,A,G,A,A
Kukri_c57756_370,IWB46689,T/C,6D,LG24_6D,486398555,24,4.219,T,C,T,C,C,T,C,T,T,T,C,T,T,T,C,T,C,T,C,C,C,T,T,C,T,C,C,C,C,T,T,C,T,T,T,T,C,T,T,T,C,C,C,C,T,T,C,T,T,T,C,C,C,C,T,T,C,C,C,T,C,T,C,C,C,C,T,C,C,C,C,T,C,C,T,C,T,C,T,T,C,C,T,T,T,T,T,T,T,T,T,T,T,C,C,C,C,C,C,C,T,T,C,T,T,C,C,T,T,T,T,T,T,C,T,C,T,C,T,T,C,T,C,T,T,T,T,C,C,T,T,C,C,T,C,T,T
BobWhite_c18136_441,IWB1134,G/A,6D,LG24_6D,486434266,24,4.219,G,A,G,A,A,G,A,G,G,G,A,G,G,G,A,G,A,G,A,A,A,G,G,A,G,A,A,A,A,G,G,A,G,G,G,G,A,G,G,G,A,A,A,A,G,G,A,G,G,G,A,A,A,A,G,G,A,A,A,G,A,G,A,A,A,A,G,A,A,A,A,G,A,A,G,A,G,A,G,G,A,A,G,G,G,G,G,G,G,G,G,G,G,A,A,A,A,A,A,A,G,G,A,G,G,A,A,G,G,G,G,G,G,A,G,A,G,A,G,G,A,G,A,G,G,G,G,A,A,G,G,A,A,G,A,G,G
wsnp_Ex_c4518_8119503,IWA3926,G/A,6D,LG24_6D,486668666,24,4.219,G,A,G,A,A,G,A,G,G,G,A,G,G,G,A,G,A,G,A,A,A,G,G,A,G,A,A,A,A,G,G,A,G,G,G,G,A,G,G,G,A,A,A,A,G,G,A,G,G,G,A,A,A,A,G,G,A,A,A,G,A,G,A,A,A,A,G,A,A,A,A,G,A,A,G,A,G,A,G,G,A,A,G,G,G,G,G,G,G,G,G,G,G,A,A,A,A,A,A,A,G,G,A,G,G,A,A,G,G,G,G,G,G,A,G,A,G,A,G,G,A,G,A,G,G,G,G,A,A,G,G,A,A,G,A,G,G
BobWhite_c9641_566,IWB4637,G/A,6D,LG24_6D,486669039,24,4.219,G,A,G,A,A,G,A,G,G,G,A,G,G,G,A,G,A,G,A,A,A,G,G,A,G,A,A,A,A,G,G,A,G,G,G,G,A,G,G,G,A,A,A,A,G,G,A,G,G,G,A,A,A,A,G,G,A,A,A,G,A,G,A,A,A,A,G,A,A,A,A,G,A,A,G,A,G,A,G,G,A,A,G,G,G,G,G,G,G,G,G,G,G,A,A,A,A,A,A,A,G,G,A,G,G,A,A,G,G,G,G,G,G,A,G,A,G,A,G,G,A,G,A,G,G,G,G,A,A,G,G,A,A,G,A,G,G
BobWhite_c5847_919,IWB4005,G/T,6D,LG24_6D,486669917,24,4.219,G,T,G,T,T,G,T,G,G,G,T,G,G,G,T,G,T,G,T,T,T,G,G,T,G,T,T,T,T,G,G,T,G,G,G,G,T,G,G,G,T,T,T,T,G,G,T,G,G,G,T,T,T,T,G,G,T,T,T,G,T,G,T,T,T,T,G,T,T,T,T,G,T,T,G,T,G,T,G,G,T,T,G,G,G,G,G,G,G,G,G,G,G,T,T,T,T,T,T,T,G,G,T,G,G,T,T,G,G,G,G,G,G,T,G,T,G,T,G,G,T,G,T,G,G,G,G,T,T,G,G,T,T,G,T,G,G
BS00087334_51,IWB11494,A/C,6D,LG24_6D,486670258,24,4.219,A,C,A,C,C,A,C,A,A,A,C,A,A,A,C,A,C,A,C,C,C,A,A,C,A,C,C,C,C,A,A,C,A,A,A,A,C,A,A,A,C,C,C,C,A,A,C,A,A,A,C,C,C,C,A,A,C,C,C,A,C,A,C,C,C,C,A,C,C,C,C,A,C,C,A,C,A,C,A,A,C,C,A,A,A,A,A,A,A,A,A,A,A,C,C,C,C,C,C,C,A,A,C,A,A,C,C,A,A,A,A,A,A,C,A,C,A,C,A,A,C,A,C,A,A,A,A,C,C,A,A,C,C,A,C,A,A
BS00087343_51,IWB11495,A/G,6D,LG24_6D,486671273,24,4.219,A,G,A,G,G,A,G,A,A,A,G,A,A,A,G,A,G,A,G,G,G,A,A,G,A,G,G,G,G,A,A,G,A,A,A,A,G,A,A,A,G,G,G,G,A,A,G,A,A,A,G,G,G,G,A,A,G,G,G,A,G,A,G,G,G,G,A,G,G,G,G,A,G,G,A,G,A,G,A,A,G,G,A,A,A,A,A,A,A,A,A,A,A,G,G,G,G,G,G,G,A,A,G,A,A,G,G,A,A,A,A,A,A,G,A,G,A,G,A,A,G,A,G,A,A,A,A,G,G,A,A,G,G,A,G,A,A
BS00080047_51,IWB11107,C/T,6D,LG24_6D,487203293,24,4.219,C,T,C,T,T,C,T,C,C,C,T,C,C,C,T,C,T,C,T,T,T,C,C,T,C,T,T,T,T,C,C,T,C,C,C,C,T,C,C,C,T,T,T,T,C,C,T,C,C,C,T,T,T,T,C,C,T,T,T,C,T,C,T,T,T,T,C,T,T,T,T,C,T,T,C,T,C,T,C,C,T,T,C,C,C,C,C,C,C,C,C,C,C,T,T,T,T,T,T,T,C,C,T,C,C,T,T,C,C,C,C,C,C,T,C,T,C,T,C,C,T,C,T,C,C,C,C,T,T,C,C,T,T,C,T,C,C
BS00105877_51,IWB12259,T/C,6D,LG24_6D,487412630,24,4.219,T,C,T,C,C,T,C,T,T,T,C,T,T,T,C,T,C,T,C,C,C,T,T,C,T,C,C,C,C,T,T,C,T,T,T,T,C,T,T,T,C,C,C,C,T,T,C,T,T,T,C,C,C,C,T,T,C,C,C,T,C,T,C,C,C,C,T,C,C,C,C,T,C,C,T,C,T,C,T,T,C,C,T,T,T,T,T,T,T,T,T,T,T,C,C,C,C,C,C,C,T,T,C,T,T,C,C,T,T,T,T,T,T,C,T,C,T,C,T,T,C,T,C,T,T,T,T,C,C,T,T,C,C,T,C,T,T
BS00023009_51,IWB7372,G/A,6D,LG24_6D,490315856,24,6.882,G,A,G,Undetermined,A,G,A,G,G,G,Undetermined,G,G,G,A,G,A,G,A,A,A,G,G,A,G,A,A,A,A,G,G,A,G,G,G,G,A,A,G,G,A,A,A,A,G,G,A,G,G,G,A,A,A,A,G,G,A,A,A,G,A,G,A,A,A,A,G,A,A,A,G,G,A,A,G,A,G,A,G,A,A,A,G,G,G,G,G,G,G,G,G,G,G,A,A,A,A,G,A,A,G,G,A,G,G,A,A,G,G,G,G,G,G,A,G,A,G,A,G,G,A,G,A,G,G,G,G,A,A,G,G,A,A,G,A,G,G
Excalibur_c16566_485,IWB22803,G/A,6D,LG24_6D,490319380,24,6.882,G,A,G,Undetermined,A,G,A,G,G,G,Undetermined,G,G,G,A,G,A,G,A,A,A,G,G,A,G,A,A,A,A,G,G,A,G,G,G,G,A,A,G,G,A,A,A,A,G,G,A,G,G,G,A,A,A,A,G,G,A,A,A,G,A,G,A,A,A,A,G,A,A,A,G,G,A,A,G,A,G,A,G,A,A,A,G,G,G,G,G,G,G,G,G,G,G,A,A,A,A,G,A,A,G,G,A,G,G,A,A,G,G,G,G,G,G,A,G,A,G,A,G,G,A,G,A,G,G,G,G,A,A,G,G,A,A,G,A,G,G
wsnp_JG_c5646_2148382,IWA6361,G/T,6D,LG24_6D,490688726,24,6.882,G,T,G,Undetermined,T,G,T,G,G,G,Undetermined,G,G,G,T,G,T,G,T,T,T,G,G,T,G,T,T,T,T,G,G,T,G,G,G,G,T,T,G,G,T,T,T,T,G,G,T,G,G,G,T,T,T,T,G,G,T,T,T,G,T,G,T,T,T,T,G,T,T,T,G,G,T,T,G,T,G,T,G,T,T,T,G,G,G,G,G,G,G,G,G,G,G,T,T,T,T,G,T,T,G,G,T,G,G,T,T,G,G,G,G,G,G,T,G,T,G,T,G,G,T,G,T,G,G,G,G,T,T,G,G,T,T,G,T,G,G
BobWhite_c13435_700 ,IWB505,T/C,6D,LG24_6D,492558565,24,14.8,T,C,T,C,C,T,C,T,T,T,C,T,T,T,C,T,C,T,T,C,C,T,T,C,T,C,C,C,C,T,T,C,T,T,T,T,C,T,T,T,C,C,C,C,T,C,C,T,T,T,T,C,T,C,T,T,C,C,C,T,T,C,C,C,T,C,T,C,C,C,T,T,C,C,C,C,T,C,T,C,C,C,C,T,C,C,C,T,T,T,T,T,T,C,C,C,C,T,C,C,T,T,C,T,T,C,C,T,T,T,T,T,T,C,T,C,T,C,T,T,C,T,C,T,T,T,T,C,C,T,T,C,C,T,C,T,T
wsnp_Ex_c31584_40355363 ,IWA3350,A/G,6D,LG24_6D,492566527,24,14.8,A,G,A,G,G,A,G,A,A,A,G,A,A,A,G,A,G,A,A,G,G,A,A,G,A,G,G,G,G,A,A,G,A,A,A,A,G,A,A,A,G,G,G,G,A,G,G,A,A,A,A,G,A,G,A,A,G,G,G,A,A,G,G,G,A,G,A,G,G,G,A,A,G,G,G,G,A,G,A,G,G,G,G,A,G,G,G,A,A,A,A,A,A,G,G,G,G,A,G,G,A,A,G,A,A,G,G,A,A,A,A,A,A,G,A,G,A,G,A,A,G,A,G,A,A,A,A,G,G,A,A,G,G,A,G,A,A
Kukri_c14511_1046,IWB41216,A/C,6D,LG24_6D,492567585,24,14.8,A,C,A,C,C,A,C,A,A,A,C,A,A,A,C,A,C,A,A,C,C,A,A,C,A,C,C,C,C,A,A,C,A,A,A,A,C,A,A,A,C,C,C,C,A,C,C,A,A,A,A,C,A,C,A,A,C,C,C,A,A,C,C,C,A,C,A,C,C,C,A,A,C,C,C,C,A,C,A,C,C,C,C,A,C,C,C,A,A,A,A,A,A,C,C,C,C,A,C,C,A,A,C,A,A,C,C,A,A,A,A,A,A,C,A,C,A,C,A,A,C,A,C,A,A,A,A,C,C,A,A,C,C,A,C,A,A
CAP7_c2559_543,IWB13935,G/T,6D,LG24_6D,492567711,24,14.8,G,T,G,T,T,G,T,G,G,G,T,G,G,G,T,G,T,G,G,T,T,G,G,T,G,T,T,T,T,G,G,T,G,G,G,G,T,G,G,G,T,T,T,T,G,T,T,G,G,G,G,T,G,T,G,G,T,T,T,G,G,T,T,T,G,T,G,T,T,T,G,G,T,T,T,T,G,T,G,T,T,T,T,G,T,T,T,G,G,G,G,G,G,T,T,T,T,G,T,T,G,G,T,G,G,T,T,G,G,G,G,G,G,T,G,T,G,T,G,G,T,G,T,G,G,G,G,T,T,G,G,T,T,G,T,G,G
Excalibur_c29748_954,IWB24882,A/G,6D,LG24_6D,492548738,24,17.797,A,G,A,G,G,A,G,A,A,A,G,A,A,A,G,A,G,A,G,G,G,A,A,G,A,G,G,G,G,A,A,G,A,A,A,A,G,A,A,A,G,G,G,G,A,Undetermined,G,A,A,A,A,G,A,A,A,G,G,G,G,A,A,G,G,G,A,G,G,G,G,Undetermined,A,A,A,G,Undetermined,A,A,G,A,A,G,G,G,A,G,G,G,A,A,G,A,A,A,G,G,G,G,A,G,G,A,A,G,A,A,G,G,A,A,A,A,A,A,G,A,G,A,G,A,A,G,A,G,A,A,A,A,G,G,A,A,G,G,A,G,A,A
Kukri_c373_1588,IWB44669,C/T,6D,LG24_6D,493702594,24,17.797,C,T,C,T,T,C,T,C,C,C,T,C,C,C,T,C,T,C,T,T,T,C,C,T,C,T,T,T,T,C,C,T,C,C,C,C,T,C,C,C,T,T,T,T,C,Undetermined,T,C,C,C,C,T,C,C,C,T,T,T,T,C,C,T,T,T,C,T,T,T,T,Undetermined,C,C,C,T,Undetermined,C,C,T,C,C,T,T,T,C,T,T,T,C,C,T,C,C,C,T,T,T,T,C,T,T,C,C,T,C,C,T,T,C,C,C,C,C,C,T,C,T,C,T,C,C,T,C,T,C,C,C,C,T,T,C,C,T,T,C,T,C,C
BobWhite_c19298_97,IWB1265,T/C,6D,LG24_6D,493707189,24,17.797,T,C,T,C,C,T,C,T,T,T,C,T,T,T,C,T,C,T,C,C,C,T,T,C,T,C,C,C,C,T,T,C,T,T,T,T,C,T,T,T,C,C,C,C,T,Undetermined,C,T,T,T,T,C,T,T,T,C,C,C,C,T,T,C,C,C,T,C,C,C,C,Undetermined,T,T,T,C,Undetermined,T,T,C,T,T,C,C,C,T,C,C,C,T,T,C,T,T,T,C,C,C,C,T,C,C,T,T,C,T,T,C,C,T,T,T,T,T,T,C,T,C,T,C,T,T,C,T,C,T,T,T,T,C,C,T,T,C,C,T,C,T,T
BS00070856_51,IWB10505,T/G,6D,LG24_6D,494566412,24,19.11,T,G,T,G,G,T,G,T,T,T,G,T,T,T,G,T,G,T,T,G,G,T,T,G,T,G,G,G,G,T,T,G,T,T,T,T,G,T,T,T,G,G,G,G,T,G,G,T,T,T,T,G,T,T,T,T,G,G,G,T,G,G,G,G,T,G,T,G,G,T,T,T,T,G,G,T,T,G,T,T,G,G,G,T,G,G,G,T,T,G,T,T,T,G,G,G,G,T,G,G,T,T,G,T,T,G,G,T,T,T,T,T,T,G,T,G,T,G,T,T,G,T,G,T,T,T,T,G,G,T,T,G,G,T,G,T,T
D_contig37522_188,IWB16727,A/G,6D,LG24_6D,494664834,24,19.11,A,G,A,G,G,A,G,A,A,A,G,A,A,A,G,A,G,A,A,G,G,A,A,G,A,G,G,G,G,A,A,G,A,A,A,A,G,A,A,A,G,G,G,G,A,G,G,A,A,A,A,G,A,A,A,A,G,G,G,A,G,G,G,G,A,G,A,G,G,A,A,A,A,G,G,A,A,G,A,A,G,G,G,A,G,G,G,A,A,G,A,A,A,G,G,G,G,A,G,G,A,A,G,A,A,G,G,A,A,A,A,A,A,G,A,G,A,G,A,A,G,A,G,A,A,A,A,G,G,A,A,G,G,A,G,A,A
BS00022481_51,IWB7108,G/T,6D,LG30_6D,1404217,30,0,T,G,T,G,T,T,G,G,T,G,G,G,G,G,G,T,G,G,G,T,T,T,T,T,T,T,T,T,T,T,T,G,T,T,G,T,G,T,G,T,G,T,G,G,T,G,G,G,T,T,T,T,G,T,G,G,T,G,T,T,T,G,G,G,T,T,T,G,T,G,T,T,T,T,G,T,T,G,G,T,T,G,T,G,T,G,G,T,G,T,G,G,G,T,T,T,T,T,T,G,G,T,G,T,T,T,G,T,T,G,T,G,G,G,G,T,G,G,T,G,G,G,G,T,T,T,G,T,T,T,G,T,T,G,T,G,G
BS00075409_51,IWB10804,G/A,6D,LG30_6D,1405900,30,0,A,G,A,G,A,A,G,G,A,G,G,G,G,G,G,A,G,G,G,A,A,A,A,A,A,A,A,A,A,A,A,G,A,A,G,A,G,A,G,A,G,A,G,G,A,G,G,G,A,A,A,A,G,A,G,G,A,G,A,A,A,G,G,G,A,A,A,G,A,G,A,A,A,A,G,A,A,G,G,A,A,G,A,G,A,G,G,A,G,A,G,G,G,A,A,A,A,A,A,G,G,A,G,A,A,A,G,A,A,G,A,G,G,G,G,A,G,G,A,G,G,G,G,A,A,A,G,A,A,A,G,A,A,G,A,G,G
wsnp_Ex_c18664_27540364,IWA2338,A/G,6D,LG30_6D,1759401,30,0,G,A,G,A,G,G,A,A,G,A,A,A,A,A,A,G,A,A,A,G,G,G,G,G,G,G,G,G,G,G,G,A,G,G,A,G,A,G,A,G,A,G,A,A,G,A,A,A,G,G,G,G,A,G,A,A,G,A,G,G,G,A,A,A,G,G,G,A,G,A,G,G,G,G,A,G,G,A,A,G,G,A,G,A,G,A,A,G,A,G,A,A,A,G,G,G,G,G,G,A,A,G,A,G,G,G,A,G,G,A,G,A,A,A,A,G,A,A,G,A,A,A,A,G,G,G,A,G,G,G,A,G,G,A,G,A,A
BobWhite_rep_c65669_525,IWB5558,T/C,6D,LG30_6D,2033204,30,3.727,T,C,T,C,T,T,C,C,T,C,C,C,C,C,C,T,C,C,C,T,T,C,T,T,T,T,T,T,C,C,C,C,C,T,C,T,C,T,C,T,C,T,C,C,T,C,C,C,T,T,T,T,C,T,C,C,T,C,T,T,T,C,C,C,T,T,T,C,T,C,T,T,T,T,C,T,T,C,C,T,T,C,T,C,T,C,C,T,C,T,C,C,C,T,T,T,T,T,T,C,C,T,C,T,T,T,C,T,T,C,T,C,C,C,C,T,C,C,T,C,C,C,C,T,T,T,C,T,T,T,C,T,T,C,T,C,C
RFL_Contig2815_1305,IWB64082,C/T,6D,LG30_6D,2085079,30,3.727,C,T,T,C,T,T,C,C,T,C,C,C,C,C,C,T,C,C,C,T,T,C,T,T,T,T,T,T,C,C,C,C,C,T,C,T,C,T,C,T,C,T,C,C,T,C,C,C,T,T,T,T,C,T,C,C,T,C,T,T,T,C,C,C,T,T,T,C,T,C,T,T,T,T,C,T,T,C,C,T,T,C,T,C,T,C,C,T,C,T,C,C,C,T,T,T,T,T,T,C,C,T,C,T,T,T,C,T,T,C,T,C,C,C,C,T,C,C,T,C,C,C,C,T,T,T,C,T,T,T,C,T,T,C,T,C,C
Excalibur_c52276_176,IWB27307,C/T,6D,LG30_6D,2150320,30,3.727,T,C,T,C,T,T,C,C,T,C,C,C,C,C,C,T,C,C,C,T,T,C,T,T,T,T,T,T,C,C,C,C,C,T,C,T,C,T,C,T,C,T,C,C,T,C,C,C,T,T,T,T,C,T,C,C,T,C,T,T,T,C,C,C,T,T,T,C,T,C,T,T,T,T,C,T,T,C,C,T,T,C,T,C,T,C,C,T,C,T,C,C,C,T,T,T,T,T,T,C,C,T,C,T,T,T,C,T,T,C,T,C,C,C,C,T,C,C,T,C,C,C,C,T,T,T,C,T,T,T,C,T,T,C,T,C,C
wsnp_Ku_c19587_29102203,IWA6673,A/G,6D,LG30_6D,2151299,30,5.012,G,A,A,A,G,A,A,A,G,A,A,A,A,A,A,G,A,A,A,G,G,A,G,G,G,G,G,G,A,A,A,A,A,G,A,G,A,G,A,G,A,G,A,A,G,A,A,A,G,G,G,G,A,G,A,A,G,A,G,G,G,A,A,A,G,G,G,A,G,A,G,G,G,G,A,G,G,A,A,G,G,A,G,A,G,A,A,G,A,G,A,A,A,G,G,G,G,G,G,A,A,G,A,G,G,G,A,G,G,A,G,A,A,A,A,G,A,A,G,A,A,A,A,G,G,G,A,G,G,G,A,G,G,A,G,A,A
CAP7_c1208_150,IWB13767,G/A,6D,LG30_6D,2252278,30,5.012,A,G,G,G,A,G,G,G,A,G,G,G,G,G,G,A,G,G,G,A,A,G,A,A,A,A,A,A,G,G,G,G,G,A,G,A,G,A,G,A,G,A,G,G,A,G,G,G,A,A,A,A,G,A,G,G,A,G,A,A,A,G,G,G,A,A,A,G,A,G,A,A,A,A,G,A,A,G,G,A,A,G,A,G,A,G,G,A,G,A,G,G,G,A,A,A,A,A,A,G,G,A,G,A,A,A,G,A,A,G,A,G,G,G,G,A,G,G,A,G,G,G,G,A,A,A,G,A,A,A,G,A,A,G,A,G,G
TA002853_0110_w,IWB65608,C/T,6D,LG30_6D,2390210,30,5.012,T,C,C,C,T,C,C,C,T,C,C,C,C,C,C,T,C,C,C,T,T,C,T,T,T,T,T,T,C,C,C,C,C,T,C,T,C,T,C,T,C,T,C,C,T,C,C,C,T,T,T,T,C,T,C,C,T,C,T,T,T,C,C,C,T,T,T,C,T,C,T,T,T,T,C,T,T,C,C,T,T,C,T,C,T,C,C,T,C,T,C,C,C,T,T,T,T,T,T,C,C,T,C,T,T,T,C,T,T,C,T,C,C,C,C,T,C,C,T,C,C,C,C,T,T,T,C,T,T,T,C,T,T,C,T,C,C
Jagger_c3907_55,IWB36574,A/G,6D,LG30_6D,4522230,30,5.74,A,G,A,G,G,A,A,A,G,A,A,A,A,A,A,G,A,A,A,G,G,A,G,G,G,G,G,G,A,A,A,A,A,G,A,G,A,G,A,G,A,G,A,A,G,A,A,A,G,G,G,G,A,G,A,A,G,A,G,G,G,A,A,A,G,G,G,A,G,A,G,G,G,G,A,G,G,A,A,G,G,A,G,A,G,A,A,G,A,G,A,A,A,G,G,G,G,G,G,A,A,G,A,G,G,G,A,G,G,A,G,A,A,A,A,G,A,A,G,A,A,A,A,G,G,G,A,G,G,G,A,G,G,A,G,A,A
Excalibur_c12085_276,IWB22036,C/T,6D,LG30_6D,4692601,30,5.74,C,T,C,T,T,C,C,C,T,C,C,C,C,C,C,T,C,C,C,T,T,C,T,T,T,T,T,T,C,C,C,C,C,T,C,T,C,T,C,T,C,T,C,C,T,C,C,C,T,T,T,T,C,T,C,C,T,C,T,T,T,C,C,C,T,T,T,C,T,C,T,T,T,T,C,T,T,C,C,T,T,C,T,C,T,C,C,T,C,T,C,C,C,T,T,T,T,T,T,C,C,T,C,T,T,T,C,T,T,C,T,C,C,C,C,T,C,C,T,C,C,C,C,T,T,T,C,T,T,T,C,T,T,C,T,C,C
BobWhite_c7090_123,IWB4283,T/C,6D,LG30_6D,5195360,30,5.74,C,T,T,C,C,T,T,T,C,T,T,T,T,T,T,C,T,T,T,C,C,T,C,C,C,C,C,C,T,T,T,T,T,C,T,C,T,C,T,C,T,C,T,T,C,T,T,T,C,C,C,C,T,C,T,T,C,T,C,C,C,T,T,T,C,C,C,T,C,T,C,C,C,C,T,C,C,T,T,C,C,T,C,T,C,T,T,C,T,C,T,T,T,C,C,C,C,C,C,T,T,C,T,C,C,C,T,C,C,T,C,T,T,T,T,C,T,T,C,T,T,T,T,C,C,C,T,C,C,C,T,C,C,T,C,T,T
BobWhite_c7090_778,IWB4286,C/T,6D,LG30_6D,5307719,30,7.428,T,C,T,T,T,C,C,C,T,C,C,C,C,C,T,T,C,C,T,T,T,C,T,T,T,T,T,T,C,C,C,C,C,T,C,T,C,T,C,T,C,T,C,C,T,C,C,C,T,T,T,T,C,T,C,C,T,C,T,T,T,C,C,C,T,T,T,C,T,C,T,T,T,T,C,T,T,C,C,T,T,C,T,C,T,C,C,T,C,T,C,C,C,T,T,T,T,T,T,C,C,T,C,T,T,T,C,T,T,C,T,C,C,C,C,T,C,C,T,C,C,C,C,T,T,T,C,T,T,T,C,T,T,C,T,C,C
BobWhite_c3073_1156,IWB2392,A/G,6D,LG30_6D,6469985,30,7.428,A,G,G,G,G,A,A,A,G,A,A,A,A,A,G,G,A,A,G,G,G,A,G,G,G,G,G,G,A,A,A,A,A,G,A,G,A,G,A,G,A,G,A,A,G,A,A,A,G,G,G,G,A,G,A,A,G,A,G,G,G,A,A,A,G,G,G,A,G,A,G,G,G,G,A,G,G,A,A,G,G,A,G,A,G,A,A,G,A,G,A,A,A,G,G,G,G,G,G,A,A,G,A,G,G,G,A,G,G,A,G,A,A,A,A,G,A,A,G,A,A,A,A,G,G,G,A,G,G,G,A,G,G,A,G,A,A